"","groupID","featureID","exonBaseMean","dispersion","stat","pvalue","padj","Normal","Tumour","log2fold_Tumour_Normal","genomicData.seqnames","genomicData.start","genomicData.end","genomicData.width","genomicData.strand","countData.test1","countData.test2","countData.test3","countData.test4","transcripts"
"gene1:E001","gene1","E001",661.174855773897,NA,NA,NA,NA,NA,NA,NA,"test1",500,999,500,"+",70,400,50,300,trans1
"gene2:E001","gene2","E001",194.295580771472,0.00312198661553595,12.9688537688243,0.000316715863081751,0.000459474928279878,2.29313529049791,2.28824961223317,-0.0163134041939781,"test1",3000,3299,300,"-",564,39,682,95,c("trans2", "trans3")
"gene2:E002","gene2","E002",143.320039787614,0.190637454777002,46.0937733305168,1.12726154197261e-11,4.50904616789042e-11,0.917522746525259,2.44443503093972,5.2530226763707,"test1",3500,3999,500,"-",35,60,9,127,trans3
"gene2:E003","gene2","E003",276.991728857554,0.272971079160087,12.8108976230569,0.000344606196209908,0.000459474928279878,2.70095458295855,1.72413125895073,-3.26955172210133,"test1",4400,4999,600,"-",1584,19,1584,8,trans2
"gene2:E004","gene2","E004",120.233395952454,0.0796144336943179,0.926186893521233,0.335855722524273,0.335855722524273,2.21294844145715,1.92363507677276,-0.969519424932541,"test1",5050,5299,250,"-",453,10,585,53,c("trans2", "trans3")
