"","baseMean","log2FoldChange","lfcSE","stat","pvalue","padj"
"gene1",469.782236523717,3.01685008732884,0.480549756284527,6.27791409292196,3.43145412063762e-10,4.32234495399618e-10
"gene2",1695.96098280268,-2.91965446394565,0.467749487785415,-6.24191910453801,4.32234495399618e-10,4.32234495399618e-10
