"","baseMean","log2FoldChange","lfcSE","stat","pvalue","padj"
"gene1",462.427691674699,2.99258941528229,0.449371871895371,6.65949429068642,2.74771377232967e-11,2.74771377232967e-11
"gene2",2058.71116784528,-2.91604496387573,0.436937180894646,-6.67383113953592,2.49210350269843e-11,2.74771377232967e-11
